{
  "fold_accuracies": [
    1.0,
    0.9285714285714286,
    1.0,
    0.9880952380952381,
    1.0
  ],
  "mean_grouped_accuracy": 0.9833333333333334,
  "classification_report": {
    "1": {
      "precision": 0.9302325581395349,
      "recall": 1.0,
      "f1-score": 0.963855421686747,
      "support": 80.0
    },
    "2": {
      "precision": 1.0,
      "recall": 0.9285714285714286,
      "f1-score": 0.9629629629629629,
      "support": 84.0
    },
    "3": {
      "precision": 1.0,
      "recall": 1.0,
      "f1-score": 1.0,
      "support": 78.0
    },
    "4": {
      "precision": 0.9863013698630136,
      "recall": 1.0,
      "f1-score": 0.993103448275862,
      "support": 72.0
    },
    "5": {
      "precision": 1.0,
      "recall": 0.9883720930232558,
      "f1-score": 0.9941520467836257,
      "support": 86.0
    },
    "accuracy": 0.9825,
    "macro avg": {
      "precision": 0.9833067856005098,
      "recall": 0.9833887043189369,
      "f1-score": 0.9828147759418394,
      "support": 400.0
    },
    "weighted avg": {
      "precision": 0.9835807582032495,
      "recall": 0.9825,
      "f1-score": 0.9824946173077062,
      "support": 400.0
    }
  },
  "confusion_matrix": [
    [
      80,
      0,
      0,
      0,
      0
    ],
    [
      6,
      78,
      0,
      0,
      0
    ],
    [
      0,
      0,
      78,
      0,
      0
    ],
    [
      0,
      0,
      0,
      72,
      0
    ],
    [
      0,
      0,
      0,
      1,
      85
    ]
  ]
}